{"cameraMode":{"drawMode":0,"name":"Shaded","section":"Shading Mode"},"sceneLighting":false,"audioPlay":false,"sceneViewState":{"m_AlwaysRefresh":false,"showFog":true,"showSkybox":false,"showFlares":true,"showImageEffects":true,"showParticleSystems":true,"showVisualEffectGraphs":true,"m_FxEnabled":true},"in2DMode":false,"pivot":{"x":11.710000038146973,"y":5.439999580383301,"z":27.279998779296876},"rotation":{"x":0.14877063035964967,"y":-0.14187327027320863,"z":0.02156972885131836,"w":0.9784080386161804},"size":7.914865016937256,"orthographic":false}